author,n_comments,prediction,confidence,troll_probability
Ivan Vymětal,1,troll,0.6001171469688416,0.60011715
Dan Pokorný,1,troll,0.6002113819122314,0.6002114
Standa N,1,troll,0.6002671718597412,0.6002672
Josef Zatloukal,13,troll,0.600328266620636,0.60032827
Vratislav Kejzlar,2,troll,0.6003424525260925,0.60034245
Miroslav Prokš,1,troll,0.6003490090370178,0.600349
Radek Hroch,2,troll,0.6004658937454224,0.6004659
Jaroslava Krpelanova,1,troll,0.6005836129188538,0.6005836
Francescolli,1,troll,0.6006995439529419,0.60069954
Zdeněk Blahovec,1,troll,0.600837230682373,0.60083723
Jan Šimura,6,troll,0.6010255813598633,0.6010256
Jan Hradec,1,troll,0.6011025905609131,0.6011026
David Hnatek,1,troll,0.6013464331626892,0.60134643
Slavomír Prášil,51,troll,0.6014586687088013,0.60145867
Karasek Jirka,1,troll,0.6014938950538635,0.6014939
Jan Matějíček,28,troll,0.6017606258392334,0.6017606
Alena Splavcová,2,troll,0.6018297076225281,0.6018297
Štěpán Tušják,20,troll,0.601841926574707,0.6018419
Zdenek Dojčar,13,troll,0.6019105911254883,0.6019106
Jitka Faktorová,1,troll,0.6019400954246521,0.6019401
Dana Rejhová,2,troll,0.6020652055740356,0.6020652
Vlastimil Krátký,38,troll,0.602145791053772,0.6021458
Zlata Jesenska,1,troll,0.6022273898124695,0.6022274
Roman Stach,22,troll,0.6024695634841919,0.60246956
Lucie Čápová,1,troll,0.6026575565338135,0.60265756
Vladimír Blaňka,6,troll,0.6026871800422668,0.6026872
Eva Dlabajová,1,troll,0.6028115749359131,0.6028116
Josef Juránek,2,troll,0.603057324886322,0.6030573
Jarda Matula,9,troll,0.6030934453010559,0.60309345
Vladislav Štáfenský,135,troll,0.6031824946403503,0.6031825
Bohuslav Kočárek,65,troll,0.6032377481460571,0.60323775
Kamil Paulus,1,troll,0.6032679677009583,0.60326797
Michal Papst,1,troll,0.603273868560791,0.60327387
Pavel Lugar,11,troll,0.6033448576927185,0.60334486
Juraj Zverbík,9,troll,0.6034120917320251,0.6034121
Ladislav Kadrnka,2,troll,0.6034222841262817,0.6034223
Pavel Tavali,1,troll,0.6034330129623413,0.603433
Lukáš Bruna,1,troll,0.6034687757492065,0.6034688
Michael Anderle,1,troll,0.6035229563713074,0.60352296
Petr Cernohlavek,1,troll,0.603565514087677,0.6035655
Luboš Kudla,1,troll,0.6036023497581482,0.60360235
Martin Granat,1,troll,0.6036603450775146,0.60366035
Vítězslav Štrobl,4,troll,0.6036832332611084,0.60368323
Fotopastkosobody,1,troll,0.6037334203720093,0.6037334
Milan Langer,8,troll,0.6037958264350891,0.6037958
Jiri Kulhavy,4,troll,0.6038199663162231,0.60381997
Jan Vichr,3,troll,0.6038585305213928,0.60385853
Jan Kváliman,1,troll,0.603903591632843,0.6039036
Pesveda Sveda,3,troll,0.6039672493934631,0.60396725
Viktor Fábor,3,troll,0.6040530800819397,0.6040531
Patrik Záruba,1,troll,0.6042150855064392,0.6042151
Karel Račák,4,troll,0.6042668223381042,0.6042668
Jana Hicklová,4,troll,0.604347825050354,0.6043478
Roman Kucera,1,troll,0.6043695211410522,0.6043695
Vaclav Lorenc,5,troll,0.6048017144203186,0.6048017
Jaroslav Jirotka,97,troll,0.6051141619682312,0.60511416
Lubomír Jelínek,2,troll,0.605191171169281,0.6051912
Pallo Páleník,15,troll,0.605274498462677,0.6052745
Stanislav Šefčík,1,troll,0.6054420471191406,0.60544205
Lubomír Ascher,4,troll,0.6054603457450867,0.60546035
Antonín Huleš,4,troll,0.6055324673652649,0.60553247
Marek Kvita,1,troll,0.6056667566299438,0.60566676
Uzivatel Uzivatel,1,troll,0.6058976650238037,0.60589767
Ej,2,troll,0.6059014201164246,0.6059014
Zuzana Mitísková,5,troll,0.6059539914131165,0.605954
Edward Betkowski,2,troll,0.6059680581092834,0.60596806
Jan Dvořák,250,troll,0.6059823036193848,0.6059823
Rh Snajdrovi,1,troll,0.6060692667961121,0.60606927
Petr Christidis,1,troll,0.6060861349105835,0.60608613
Jaromír Hudec,9,troll,0.6061080098152161,0.606108
Josef Stekl,1,troll,0.6061323881149292,0.6061324
Lucie Karpíšková,1,troll,0.6061459183692932,0.6061459
Svatopluk Ševčík,1,troll,0.6062057018280029,0.6062057
Kacka Lucka,1,troll,0.6063076257705688,0.6063076
Lubos Novotny,1,troll,0.6065871119499207,0.6065871
Miroslav Bilka,2,troll,0.6066040396690369,0.60660404
Bass Basmann,1,troll,0.6068009734153748,0.606801
Martin Krejčiřík,1,troll,0.6068255305290222,0.60682553
Martin Uzel,2,troll,0.6068809032440186,0.6068809
Irussteinigerova,1,troll,0.6069797873497009,0.6069798
Tomáš Prskavec,3,troll,0.6070405840873718,0.6070406
Kajivi Kánská,1,troll,0.6070926785469055,0.6070927
Karel Vita,65,troll,0.6071559190750122,0.6071559
Pelisek Josef,10,troll,0.6073171496391296,0.60731715
Pavel Knedlík,1,troll,0.607526957988739,0.60752696
Petr Kostelecký,1,troll,0.6076056361198425,0.60760564
Jiří Víšek,2,troll,0.60770183801651,0.60770184
Straka Bronislav,1,troll,0.6077427268028259,0.6077427
Iveta Hrubonova,226,troll,0.6077538728713989,0.6077539
Drahos Samanek,4,troll,0.608103334903717,0.60810333
Jaromír Fitz,1,troll,0.6083146929740906,0.6083147
Klárka Kentová,9,troll,0.6083239912986755,0.608324
Bedrich Vich,5,troll,0.6083260178565979,0.608326
Vlastislav Müller,2,troll,0.6084463000297546,0.6084463
Martin Kotrbatý,1,troll,0.6084493398666382,0.60844934
Jarmila Foltýnová,2,troll,0.608597993850708,0.608598
Jan Krmela,7,troll,0.6087928414344788,0.60879284
Pavel Zach,10,troll,0.6091527938842773,0.6091528
Lea Kratochwilová,1,troll,0.6091723442077637,0.60917234
Lenka Laššáková,1,troll,0.6091731786727905,0.6091732
Vít Javůrek,17,troll,0.6093829274177551,0.6093829
Radek Chaloupka,5,troll,0.6093842387199402,0.60938424
Jaromir Vit,1,troll,0.6093869805335999,0.609387
Pavel Vild,25,troll,0.6093923449516296,0.60939234
Pavel Kaska,3,troll,0.6094064712524414,0.6094065
Luboš Macourek,14,troll,0.6094632148742676,0.6094632
Radim Klíma,1,troll,0.6095189452171326,0.60951895
Markéta Juranová,1,troll,0.6096042394638062,0.60960424
Robert Švoma,5,troll,0.6096429824829102,0.609643
Dominik Orság,1,troll,0.6097521781921387,0.6097522
Zdeněk Vilikus,1,troll,0.6097550392150879,0.60975504
Radim Bačík,10,troll,0.6097968816757202,0.6097969
Vladimír Podruh,6,troll,0.609809398651123,0.6098094
František Brandýs,1,troll,0.6100373864173889,0.6100374
Martin Levý,1,troll,0.6100426316261292,0.61004263
Renata Plzáková,1,troll,0.6102879643440247,0.61028796
Jiri Urban,7,troll,0.6103081703186035,0.6103082
František Pavlica,1,troll,0.610388994216919,0.610389
Marek Wojnar,1,troll,0.6105042695999146,0.61050427
Miroslav Škop,120,troll,0.610647439956665,0.61064744
Miroslav Pištěcký,2,troll,0.6106739640235901,0.61067396
Helena Vítovcová,1,troll,0.6107050776481628,0.6107051
Jiří Bělina,15,troll,0.6108126044273376,0.6108126
Monika Semerová,1,troll,0.6108489036560059,0.6108489
Hynek Čvančara,22,troll,0.610880434513092,0.61088043
Michaela Blažková,1,troll,0.6110891103744507,0.6110891
Jaroslav Mucha,1,troll,0.611173152923584,0.61117315
Vojtěch Bartošek,1,troll,0.6113267540931702,0.61132675
Josef Hůzl,3,troll,0.6114829182624817,0.6114829
Janita Juraskova,1,troll,0.6115428805351257,0.6115429
Jiri Hyťha,4,troll,0.6115474104881287,0.6115474
Radek Soukup,1,troll,0.6115532517433167,0.61155325
Jiri Dama,19,troll,0.6116137504577637,0.61161375
Jiří Makovický,1,troll,0.6116290092468262,0.611629
Robert Zlatnický,2,troll,0.6116472482681274,0.61164725
Dušan Lovecký,3,troll,0.6116653680801392,0.61166537
Zdenda Odehnal,1,troll,0.6117544770240784,0.6117545
Vlastimil Havel,1,troll,0.6117766499519348,0.61177665
Zdeněk Ohnůtek,22,troll,0.6118143796920776,0.6118144
Petr Kumer,2,troll,0.6120044589042664,0.61200446
Pavel Mejstřik,5,troll,0.6120489239692688,0.6120489
Adam Šišák,1,troll,0.6120823621749878,0.61208236
Josef Zdobinský,1,troll,0.6121402382850647,0.61214024
Michal Kopp,43,troll,0.6122589111328125,0.6122589
Jiří Máca,206,troll,0.6122592687606812,0.61225927
Palickova Majka,43,troll,0.6123053431510925,0.61230534
Eva Tichavská,10,troll,0.6124418377876282,0.61244184
Václav Pavlík,69,troll,0.6125038862228394,0.6125039
Ladislav Tomas,1,troll,0.6125680804252625,0.6125681
Pávek Bohumil,123,troll,0.6125999689102173,0.61259997
Koupelnymburk Mirek,1,troll,0.6126089692115784,0.61260897
Jaroslav Otava,2,troll,0.6128376126289368,0.6128376
Pavelkave Kavecký,1,troll,0.612879753112793,0.61287975
Bronislav Macháň,3,troll,0.6129982471466064,0.61299825
Iva Bohata,2,troll,0.6131839156150818,0.6131839
Marek Pechar,1,troll,0.6133443713188171,0.6133444
Šimon Bílek,4,troll,0.6134434938430786,0.6134435
Tomáš Luczkow,1,troll,0.6136077046394348,0.6136077
Kýblík,1,troll,0.6136601567268372,0.61366016
Andrej Zavadsky,2,troll,0.6136733293533325,0.6136733
Jan Jochman,2,troll,0.6136915683746338,0.61369157
Roman Zwak,22,troll,0.6137374639511108,0.61373746
Alena Dvorožňáková,1,troll,0.6137691140174866,0.6137691
Petr Kulda,14,troll,0.6138070225715637,0.613807
Alex Hauser,1,troll,0.6138159036636353,0.6138159
Zdeněk Buchl,1,troll,0.6139964461326599,0.61399645
Josef Pek,43,troll,0.6140179634094238,0.61401796
Verca Ts,1,troll,0.6140531301498413,0.61405313
Jirka Vystrčil,3,troll,0.6142839789390564,0.614284
Danica Holečková,3,troll,0.614383339881897,0.61438334
Vita Adamec,2,troll,0.6146482229232788,0.6146482
Romana Marková,1,troll,0.6146675944328308,0.6146676
R Harna,1,troll,0.6148098111152649,0.6148098
Suk Frantisek,2,troll,0.6148743629455566,0.61487436
Jiri Prchal,1,troll,0.6149479150772095,0.6149479
Pavel Zikl,53,troll,0.6150068044662476,0.6150068
Petr Fordos,5,troll,0.6150792837142944,0.6150793
Vojtěch Mařík,4,troll,0.6151529550552368,0.61515296
Kamil Otruba,6,troll,0.6151705980300903,0.6151706
Karko Chomiak,2,troll,0.6151867508888245,0.61518675
Josef Vandas,1,troll,0.615263819694519,0.6152638
Rene Balicky,1,troll,0.6152968406677246,0.61529684
Monika Hruskova,1,troll,0.615427553653717,0.61542755
Hana Pfeifer,6,troll,0.6154395937919617,0.6154396
Standa Bárta,2,troll,0.6154577732086182,0.6154578
Jaro Slajar,1,troll,0.615688145160675,0.61568815
Milan Vichta,3,troll,0.6158372759819031,0.6158373
Roman Veselý,3,troll,0.6160022616386414,0.61600226
Jiří Cempírek,5,troll,0.6160680651664734,0.61606807
Buřič Loučka,3,troll,0.6163049340248108,0.61630493
Mirek Kratochvíl,12,troll,0.616309404373169,0.6163094
Jana Kučerová,21,troll,0.6163305640220642,0.61633056
Michal Grznar,1,troll,0.6163855195045471,0.6163855
Ludmila Maradova,6,troll,0.6164279580116272,0.61642796
Jan Malín,1,troll,0.6165443658828735,0.61654437
Rodopis Valenta,1,troll,0.6165878772735596,0.6165879
Petr Šrajbr,1,troll,0.6166499853134155,0.61665
Miloslav Ejem,1,troll,0.616828441619873,0.61682844
David Horatius,1,troll,0.6168636679649353,0.61686367
Radovan Socha,1,troll,0.6168652176856995,0.6168652
Alexandr Barton,1,troll,0.6169520616531372,0.61695206
Ondřej Boubelík,2,troll,0.6170045733451843,0.6170046
Vojtěch Šimčík,9,troll,0.6171603798866272,0.6171604
Aleš Palla,3,troll,0.6172729134559631,0.6172729
Bárta Václav,26,troll,0.6172890067100525,0.617289
Miloslav Stepanek,1,troll,0.6173786520957947,0.61737865
Jiří Danda,1,troll,0.6174695491790771,0.61746955
Sabina Šušman,2,troll,0.6178156733512878,0.6178157
Ales Bednar,1,troll,0.6178498864173889,0.6178499
Honza Heczko,21,troll,0.6178998947143555,0.6178999
Jaroslav Obročník,28,troll,0.6179468631744385,0.61794686
Zdenek Urednicek,3,troll,0.6179508566856384,0.61795086
Eva Vavřínová,3,troll,0.617952287197113,0.6179523
Zuzana Svozilová,26,troll,0.6180582046508789,0.6180582
Fanasedlar Franěk,5,troll,0.6180781126022339,0.6180781
Přemysl Pidrman,6,troll,0.6181036829948425,0.6181037
Milan Flekač,11,troll,0.6182219386100769,0.61822194
Venda Prokeš,1,troll,0.6182804703712463,0.6182805
Luboš Vebr,4,troll,0.618354320526123,0.6183543
Zdenek Kopřiva,2,troll,0.6183674931526184,0.6183675
Močuba František,6,troll,0.6184337735176086,0.6184338
Jaroslav Maleček,17,troll,0.6184525489807129,0.61845255
Tomas Nosek,2,troll,0.6185621023178101,0.6185621
Eva Brichnacova,5,troll,0.6186205148696899,0.6186205
Anna Liftnerova,1,troll,0.6186985373497009,0.61869854
Zdenek Lustinec,2,troll,0.6187732219696045,0.6187732
Ondřej Nový,7,troll,0.619084894657135,0.6190849
Bořivoj Vávra,20,troll,0.6191135048866272,0.6191135
Slávek Hala,12,troll,0.6191163659095764,0.61911637
Hana Kábrtová,1,troll,0.6192554831504822,0.6192555
Ocelovky Šebestík,1,troll,0.6193810105323792,0.619381
Ladislav Lošťák,1,troll,0.6194535493850708,0.61945355
Josef Muller,21,troll,0.6194868087768555,0.6194868
Daniel Novak,2,troll,0.6195253729820251,0.6195254
Karel Řezáč,2,troll,0.6195800304412842,0.61958003
Miroslav Skrobanek,1,troll,0.6196181774139404,0.6196182
David Curil,3,troll,0.6197156310081482,0.61971563
Ladislav Soušek,2,troll,0.6198394894599915,0.6198395
David Kučírek,2,troll,0.6199238896369934,0.6199239
Irena Šedová,2,troll,0.6199358701705933,0.61993587
Pavell Sabata,53,troll,0.6200376152992249,0.6200376
Jiří Kudela,20,troll,0.6200696229934692,0.6200696
Roman Remta,1,troll,0.6200762987136841,0.6200763
Patrik Padevěd,1,troll,0.6201099753379822,0.62011
Lída Kozlová,6,troll,0.6202288866043091,0.6202289
Patrik Bradac,239,troll,0.620242714881897,0.6202427
Jiri Kuška,4,troll,0.6202605962753296,0.6202606
Tomáš Hlisnikovský,1,troll,0.6205234527587891,0.62052345
Michal Žampa,1,troll,0.6208164095878601,0.6208164
Jarda Sliva,12,troll,0.620830237865448,0.62083024
Jaromirce Filip,1,troll,0.6208814978599548,0.6208815
Pavel Kratochvil,10,troll,0.6209113597869873,0.62091136
Pavel Krámský,1,troll,0.6210410594940186,0.62104106
Jana Kandusová,4,troll,0.6210476756095886,0.6210477
Jan Chocholouš,2,troll,0.6210900545120239,0.62109005
Marek Romca,1,troll,0.6211124658584595,0.62111247
Pavel Sántay,1,troll,0.6214258074760437,0.6214258
Jana Kutíková,1,troll,0.6214451193809509,0.6214451
Vilem Blaha,2,troll,0.6214972138404846,0.6214972
Zahradnikova Dana,1,troll,0.6217726469039917,0.62177265
Milan Jiroušek,2,troll,0.621862530708313,0.62186253
Milan Šikola,13,troll,0.6219596862792969,0.6219597
Pavla Černá,5,troll,0.6219800710678101,0.6219801
Ivan Harapát,3,troll,0.6220733523368835,0.62207335
Eva Simanova,2,troll,0.6221051216125488,0.6221051
Stanislav Stasi,2,troll,0.6221211552619934,0.62212116
René Kimla,1,troll,0.62214595079422,0.62214595
Dagmar Mroziewicz,3,troll,0.622187077999115,0.6221871
Rejmont Miroslav,1,troll,0.6223360300064087,0.62233603
Lída Ludmila,1,troll,0.6223711371421814,0.62237114
Janjosefkijanka,9,troll,0.6223804354667664,0.62238044
Miloš Mázor,2,troll,0.6229633092880249,0.6229633
Libor Kadlčák,1,troll,0.6231271028518677,0.6231271
Nemec Vlastimil,1,troll,0.6232262253761292,0.6232262
Jindřich Khín,1,troll,0.6233861446380615,0.62338614
Nikolaj Olšovský,2,troll,0.6237245202064514,0.6237245
Pjnbk Pavel Ježek,1,troll,0.623822808265686,0.6238228
Vladimir Kilbergr,1,troll,0.6239088773727417,0.6239089
Josef Kotek,1,troll,0.6239824891090393,0.6239825
Zdenek Serbus,2,troll,0.6240596175193787,0.6240596
Jindřich Benson,3,troll,0.6240713596343994,0.62407136
Josef Horňak,1,troll,0.6241468191146851,0.6241468
Ján Šafárik,1,troll,0.6243382096290588,0.6243382
David Čáni,1,troll,0.6243411898612976,0.6243412
Bronislav Munster,24,troll,0.6243723630905151,0.62437236
Jaro Witt,2,troll,0.6246829628944397,0.62468296
František Jiráček,3,troll,0.6248718500137329,0.62487185
Michael Jon,1,troll,0.6248733997344971,0.6248734
Kateřina Mrázková,1,troll,0.6249663829803467,0.6249664
Aleš Kožíšek,44,troll,0.6249830722808838,0.6249831
Astra Bohumin,1,troll,0.6250827312469482,0.62508273
Roman B.,1,troll,0.6252493858337402,0.6252494
Zdeněk Kulhánek,25,troll,0.6252775192260742,0.6252775
Petra Bohemica,1,troll,0.6255252957344055,0.6255253
Zdenka Komišová,9,troll,0.6257950067520142,0.625795
Jaroslav Klos,24,troll,0.6258106827735901,0.6258107
Marek Kocián,3,troll,0.6259506940841675,0.6259507
Alena Řešetková,3,troll,0.6259642839431763,0.6259643
Vendula Nováková,1,troll,0.6260203123092651,0.6260203
Trvalky Charvát,1,troll,0.6261338591575623,0.62613386
Zdeňka Praksinová,1,troll,0.6261664628982544,0.62616646
Jiří Gutman,5,troll,0.6262557506561279,0.62625575
Standa Týr,12,troll,0.6262831687927246,0.62628317
Tomáš Gazdík,1,troll,0.6264246702194214,0.6264247
Michal Štolfa,1,troll,0.6267110109329224,0.626711
Jiří Dočkal,5,troll,0.6267197132110596,0.6267197
Miroslav Lankocz,2,troll,0.626805305480957,0.6268053
Radek Litera,1,troll,0.6270118355751038,0.62701184
Nelly Iacono,1,troll,0.6271331906318665,0.6271332
Josef Proch,7,troll,0.6271725296974182,0.6271725
Stanislav Hřebíček,2,troll,0.6272488832473755,0.6272489
Martin Knajbl,12,troll,0.6272587776184082,0.6272588
Rudolf Drtikol,2,troll,0.6272740364074707,0.62727404
Jindriska Malá,1,troll,0.6272755265235901,0.6272755
Josef Lipchavský,3,troll,0.6273660063743591,0.627366
Miroslav Blažek,5,troll,0.6274169683456421,0.62741697
Luděk Bernard,1,troll,0.6277687549591064,0.62776875
Pavel Šedý,35,troll,0.6277968287467957,0.6277968
Hana Doupovcova,1,troll,0.6278223991394043,0.6278224
Zdencer Pedro,1,troll,0.6278383135795593,0.6278383
Jan Vajs,1,troll,0.6280674934387207,0.6280675
Jiří Hochman,1,troll,0.6281166076660156,0.6281166
Tomáš Mundok,19,troll,0.6281611919403076,0.6281612
Martin Herout,3,troll,0.6281776428222656,0.62817764
Míra Peroutka,1,troll,0.6282338500022888,0.62823385
Jakub Švec,1,troll,0.6282411813735962,0.6282412
Blazena Blahutova,1,troll,0.6284347176551819,0.6284347
Vva Vat,1,troll,0.6287643909454346,0.6287644
Vlastislav Toula,3,troll,0.6291021704673767,0.6291022
Kotova Katka,1,troll,0.6292462348937988,0.62924623
¨jaroslav Rathouz,2,troll,0.6296044588088989,0.62960446
Nina Maršíková,5,troll,0.6296960711479187,0.6296961
Michal Derevlanyj,2,troll,0.6297065615653992,0.62970656
Petr Kobrle,6,troll,0.6297222375869751,0.62972224
Péťa Zlatý,2,troll,0.6298142671585083,0.62981427
Marek Beinhauer,2,troll,0.629815936088562,0.62981594
Stanislav Linhart,2,troll,0.6299219131469727,0.6299219
Pavel Jachan,42,troll,0.6300764679908752,0.63007647
David Morgi,2,troll,0.630242645740509,0.63024265
Matěj Vodička,10,troll,0.6302460432052612,0.63024604
Juraj Platko,2,troll,0.6303769946098328,0.630377
Radek Rain,2,troll,0.6303892731666565,0.6303893
Petr Onderka,5,troll,0.6306837797164917,0.6306838
Josef Podstawek,1,troll,0.6307148337364197,0.63071483
Branislav Neuschl,9,troll,0.6309744119644165,0.6309744
Miroslav Protiva,1,troll,0.6309943199157715,0.6309943
Vítězslav Martinák,1,troll,0.6310811042785645,0.6310811
Jiří Bohatý,1,troll,0.6313138604164124,0.63131386
Michal Kallupp,1,troll,0.6313422322273254,0.63134223
Tomáš Moťka,1,troll,0.6313601136207581,0.6313601
Karel Bittner,7,troll,0.6316266059875488,0.6316266
Soldán Vladimír,1,troll,0.6316918134689331,0.6316918
Ondřej Král,1,troll,0.6319543719291687,0.6319544
Oldřich Valenta,1,troll,0.6319701075553894,0.6319701
Michal Tesarik,1,troll,0.6320769190788269,0.6320769
Petr Jarač,1,troll,0.6321498155593872,0.6321498
Edita Vršecká,5,troll,0.6321741938591003,0.6321742
Roman Golbinec,24,troll,0.6324217915534973,0.6324218
Tomas Zivicky,59,troll,0.6326618790626526,0.6326619
David Kabeláč,81,troll,0.633080005645752,0.63308
Petr Chaluš,1,troll,0.6331275105476379,0.6331275
Honza Sedy,1,troll,0.6331284642219543,0.63312846
Roman Běšínský,3,troll,0.6331460475921631,0.63314605
Libor Trdlikát,3,troll,0.6334254741668701,0.6334255
Josef Šochovsky,1,troll,0.633495569229126,0.63349557
Oleg Vasilijevič,9,troll,0.6335271000862122,0.6335271
Vladimír Petrů,61,troll,0.6336991786956787,0.6336992
Radka Bankova,3,troll,0.6337136030197144,0.6337136
Karel Hrad,1,troll,0.6337547898292542,0.6337548
Staszek Krakowiak,12,troll,0.6340205073356628,0.6340205
David Fuks,1,troll,0.6340416669845581,0.63404167
Tomáš Gorec,1,troll,0.6340782642364502,0.63407826
Jiří Hráček,32,troll,0.6341602206230164,0.6341602
Tomáš Sýkora,84,troll,0.6342245936393738,0.6342246
Filip Vávra,5,troll,0.6342971920967102,0.6342972
Zeisel Milan,4,troll,0.6343356370925903,0.63433564
Marcela Foistova,4,troll,0.6343554854393005,0.6343555
Miroslav Stanek,2,troll,0.6344429850578308,0.634443
Martin Šimůnek,1,troll,0.634545624256134,0.6345456
Petr Kalousek,1,troll,0.6345531940460205,0.6345532
Zdeněk Nováček,1,troll,0.6351673603057861,0.63516736
David Uher,1,troll,0.6351943612098694,0.63519436
Viskajan Víška,1,troll,0.6352860331535339,0.63528603
Ladasamko Samko,3,troll,0.6353906393051147,0.63539064
Jiří Haramia,3,troll,0.6354960799217224,0.6354961
Martin Truhlar,2,troll,0.635564923286438,0.6355649
Zdeněk Koutný,2,troll,0.6356918215751648,0.6356918
Petr Sendry,1,troll,0.6357293725013733,0.6357294
Lubomír Palička,2,troll,0.6359021067619324,0.6359021
Srbova Meri,193,troll,0.6360064148902893,0.6360064
Robin Bednář,1,troll,0.636046290397644,0.6360463
Roman Kašný,1,troll,0.6360508799552917,0.6360509
Jana Srbova,1,troll,0.6361731886863708,0.6361732
Johny Death,1,troll,0.6363420486450195,0.63634205
Havranekj Josef,2,troll,0.6363576650619507,0.63635767
František Horňák,1,troll,0.6364118456840515,0.63641185
Ondřej Malý,15,troll,0.6364518404006958,0.63645184
Patrik Heinrich,1,troll,0.6366385817527771,0.6366386
Roman Lohr,11,troll,0.6367542743682861,0.6367543
Vlasta Brzak,2,troll,0.6368334293365479,0.6368334
Petr Korčák,1,troll,0.6368575692176819,0.63685757
Rudolf Bačkády,1,troll,0.6368703842163086,0.6368704
Pervoi Jelen,1,troll,0.6368902921676636,0.6368903
Roman Faltys,18,troll,0.6369380950927734,0.6369381
Jakub Ševčík,99,troll,0.6369707584381104,0.63697076
Bohysek,1,troll,0.6371777057647705,0.6371777
Jiri Wurm,1,troll,0.637247622013092,0.6372476
Pavel Pistovčák,3,troll,0.6374540328979492,0.63745403
Miroslav Macho,1,troll,0.6374611854553223,0.6374612
Radek Matucha,24,troll,0.6374678015708923,0.6374678
Radomír Hanusek,7,troll,0.6375308632850647,0.63753086
Jiří Kostkan,1,troll,0.6375463604927063,0.63754636
Jaromír Fárek,321,troll,0.6377613544464111,0.63776135
Dusan Klasovity,81,troll,0.637783944606781,0.63778394
František Maier,1,troll,0.6379246115684509,0.6379246
Michal Kouba,7,troll,0.6379672288894653,0.6379672
Jana Hyndràkovà,1,troll,0.6381012797355652,0.6381013
Lucije Novak,1,troll,0.6382578611373901,0.63825786
Libuše Rousová,3,troll,0.6383196711540222,0.6383197
Jaroslav Kříž,33,troll,0.6383364200592041,0.6383364
Daniel Chlubna,1,troll,0.6384264230728149,0.6384264
Pavel Tomášek,34,troll,0.6384775638580322,0.63847756
Jiri Vintr,8,troll,0.6386042237281799,0.6386042
Tobias Robert,3,troll,0.6387012004852295,0.6387012
Htautoservis Ht,1,troll,0.6387208700180054,0.63872087
Pavel Bloch,6,troll,0.6389632821083069,0.6389633
Jaromír Trčka,1,troll,0.6390013098716736,0.6390013
Jiří Mikloš,1,troll,0.6390081644058228,0.63900816
Péťa Hanzl,30,troll,0.6390825510025024,0.63908255
Dalibor Kulda,1,troll,0.6391674876213074,0.6391675
Robert Vicher,1,troll,0.6393833160400391,0.6393833
František Kubíček,1,troll,0.6396569013595581,0.6396569
Lubomír Kornel,1,troll,0.6397098898887634,0.6397099
Radka Kučerová,1,troll,0.6397616267204285,0.6397616
Zdeno Rubes,6,troll,0.6397907137870789,0.6397907
Hombre Milan Peťko,2,troll,0.6398720145225525,0.639872
Ivo Trojan,5,troll,0.6399304866790771,0.6399305
Michal Trmal,2,troll,0.6400811672210693,0.64008117
Daniel Bouček,4,troll,0.6400953531265259,0.64009535
Karel Lasovský,3,troll,0.6402245759963989,0.6402246
Marcelo Szelag,1,troll,0.6403331756591797,0.6403332
Jan Šteňo,162,troll,0.6404809355735779,0.64048094
Ondrej Havel,1,troll,0.6405041217803955,0.6405041
Jakub Lysý,1,troll,0.6406086087226868,0.6406086
Michal Vaněček,1,troll,0.6406387090682983,0.6406387
Marek Lánský,7,troll,0.6406789422035217,0.64067894
Ondřej Podroužek,2,troll,0.640842616558075,0.6408426
Schejbal Ludek,4,troll,0.6409322023391724,0.6409322
Daniel Holuša,2,troll,0.6409352421760559,0.64093524
Richard Walitza,1,troll,0.6409494876861572,0.6409495
Josef Susen,1,troll,0.6411028504371643,0.64110285
Rosťa Chaloupka,1,troll,0.6413166522979736,0.64131665
Milan Hamšík,80,troll,0.6414386630058289,0.64143866
Lenka Parůžková,40,troll,0.6418202519416809,0.64182025
Jarda Vorel,2,troll,0.6420179605484009,0.64201796
Jiří Havel,81,troll,0.6422197222709656,0.6422197
Matěj Vevera,1,troll,0.6424810886383057,0.6424811
Andrea Šťastná,1,troll,0.6429513692855835,0.64295137
Miroslav Hrbáček,1,troll,0.6430251002311707,0.6430251
Jirka Skula,2,troll,0.6430402398109436,0.64304024
Martin Šavel,6,troll,0.6432414054870605,0.6432414
Pomnenka Rybarova,1,troll,0.6433124542236328,0.64331245
Michal Trachta,15,troll,0.6434335708618164,0.6434336
Martin Horní,50,troll,0.643454372882843,0.6434544
Zdeňka Fojtíková,18,troll,0.6436713933944702,0.6436714
Sirka Mira,6,troll,0.6436893343925476,0.64368933
Teris Jicha,1,troll,0.6441453099250793,0.6441453
Karel Hahn,3,troll,0.6441483497619629,0.64414835
Marian Višňovský,2,troll,0.644534170627594,0.6445342
Marika Gálová,1,troll,0.6446380019187927,0.644638
Daniel Živocký,1,troll,0.6447118520736694,0.64471185
Motownboy Kalinski,1,troll,0.6447486281394958,0.6447486
Tomáš Skácelík,1,troll,0.6450125575065613,0.64501256
Jaromír Zavadil,5,troll,0.6450174450874329,0.64501745
Jaroslav Jílek,1,troll,0.6453922986984253,0.6453923
Stanislav Smolka,2,troll,0.6454304456710815,0.64543045
František Štiller,1,troll,0.6455374956130981,0.6455375
Mirek Janda,1,troll,0.645614504814148,0.6456145
Vavrina Radek,1,troll,0.645715057849884,0.64571506
Kami Mouckova,7,troll,0.6458173394203186,0.64581734
Milan Kopecky,47,troll,0.6459254622459412,0.64592546
Zdeněk Pola,3,troll,0.6459644436836243,0.64596444
Tomáš Cirkl,1,troll,0.6461531519889832,0.64615315
František Chytrý,6,troll,0.6462243795394897,0.6462244
Alois Kukačka,3,troll,0.6463479995727539,0.646348
Patrik Vcelis,8,troll,0.6464091539382935,0.64640915
Nikola Semnicka,1,troll,0.6464471220970154,0.6464471
Jan Lukasik,1,troll,0.6465808749198914,0.6465809
Ladislav Cadla,1,troll,0.6467491388320923,0.64674914
Antonio Serutti,8,troll,0.64691561460495,0.6469156
Martin Dimov,1,troll,0.64692622423172,0.6469262
Cida Čížek,1,troll,0.6470142006874084,0.6470142
Ladislav Doseděl,2,troll,0.6470163464546204,0.64701635
Josef Pilár,4,troll,0.647243857383728,0.64724386
Jiří Korol,1,troll,0.6472779512405396,0.64727795
Luc,1,troll,0.6473475694656372,0.64734757
Adam Kepert,2,troll,0.6475531458854675,0.64755315
František Štěpán,2,troll,0.6476638317108154,0.64766383
Ivo Zapletal,3,troll,0.6477636694908142,0.64776367
Vlada Machac,2,troll,0.6479198932647705,0.6479199
Miroslava Machova,1,troll,0.6480215787887573,0.6480216
Renáta Bezděková,1,troll,0.6480649709701538,0.648065
Lumír Kolarz,1,troll,0.6484694480895996,0.64846945
Pavel Andrlík,2,troll,0.6485221982002258,0.6485222
Luděk Gergel,1,troll,0.6485547423362732,0.64855474
Petr J Vaněk,2,troll,0.6485671401023865,0.64856714
Jana Lovebunny,2,troll,0.6486472487449646,0.64864725
Robert Mlejnek,8,troll,0.6487751007080078,0.6487751
Jaroslav Baněček,3,troll,0.6488809585571289,0.64888096
Aleš Ronner,3,troll,0.6488844156265259,0.6488844
Marek Micka,50,troll,0.6490195989608765,0.6490196
Marie Orlovská,1,troll,0.6491029262542725,0.6491029
Komarova Vera,3,troll,0.6491523385047913,0.64915234
Mates Alva,12,troll,0.6492802500724792,0.64928025
Lukáš Kratochvíl,4,troll,0.6492996215820312,0.6492996
Eduard Wojtowicz,25,troll,0.6495018601417542,0.64950186
Markéta Vojtěchová,2,troll,0.649677574634552,0.6496776
Olga Svobodova,3,troll,0.6497102379798889,0.64971024
Jan Buřič,3,troll,0.6497595906257629,0.6497596
Honza Fišer,3,troll,0.6500546336174011,0.65005463
Jan Hertl,2,troll,0.6501593589782715,0.65015936
Květoslav Hladík,1,troll,0.6502683162689209,0.6502683
Pavla Jiránková,1,troll,0.6502823233604431,0.6502823
Emca Gasler,3,troll,0.6503520011901855,0.650352
Miloš Bradáč,9,troll,0.6503661870956421,0.6503662
Kucerova Eva,1,troll,0.6504113078117371,0.6504113
Monika Zapletalová,1,troll,0.6504570841789246,0.6504571
Lenka Roubíčková,1,troll,0.6506367921829224,0.6506368
Meda Frosterova,40,troll,0.6507593989372253,0.6507594
D V,1,troll,0.6508482694625854,0.65084827
Pavel Woltär,2,troll,0.6509037613868713,0.65090376
Jarda Sitter,1,troll,0.651053786277771,0.6510538
Stanislav Šimandl,1,troll,0.6510539054870605,0.6510539
Blanka Dolejš,5,troll,0.6510692238807678,0.6510692
Zdeněk Pleskač,3,troll,0.6511997580528259,0.65119976
Josef Endrst,4,troll,0.6515017747879028,0.6515018
Vaclav Michal,1,troll,0.6517885327339172,0.65178853
Albert Horák,3,troll,0.651804506778717,0.6518045
Jana Tomišková,1,troll,0.6518744826316833,0.6518745
Veronika Fendrychová,20,troll,0.6519637703895569,0.6519638
Václav Vrba,1,troll,0.6520252227783203,0.6520252
Míra Kalčík,2,troll,0.6520562767982483,0.6520563
Simona Garaiova,1,troll,0.6521574258804321,0.6521574
Josef B,3,troll,0.6522467732429504,0.6522468
Josef Vsolak,1,troll,0.652254581451416,0.6522546
Milka Rasovska,2,troll,0.6522808074951172,0.6522808
Jiří Vomáčka,3,troll,0.6523846983909607,0.6523847
Miroslav Cága,2,troll,0.6523973941802979,0.6523974
Michal Pašek,55,troll,0.6525623202323914,0.6525623
Petr Kučera,40,troll,0.6527543067932129,0.6527543
Josef Šubrt,5,troll,0.6528174877166748,0.6528175
Lea Brixi,3,troll,0.6529263257980347,0.6529263
Ema Svobodova,1,troll,0.6531223654747009,0.65312237
Jakub Šlesinger,1,troll,0.6531258225440979,0.6531258
Adela Kralikova,1,troll,0.6531499028205872,0.6531499
Aleš Jančík,3,troll,0.6531609296798706,0.6531609
Václav Hutla,2,troll,0.6533585786819458,0.6533586
Jan Malo,5,troll,0.6533887386322021,0.65338874
Rudolf Senkyrik,2,troll,0.6534464359283447,0.65344644
Ben Rendys,1,troll,0.6534861326217651,0.65348613
Jan Skapa,1,troll,0.6535661816596985,0.6535662
Václav Štěpař,3,troll,0.6536253690719604,0.65362537
Eva Kovářová,1,troll,0.6537190079689026,0.653719
Jiri Hrbáček,3,troll,0.6537269949913025,0.653727
Filip Houska,59,troll,0.6537516713142395,0.6537517
Martin Zdurienčík,1,troll,0.6538861989974976,0.6538862
Vladimír Sýkora,4,troll,0.6539843082427979,0.6539843
Oskar Kobierski,3,troll,0.6540152430534363,0.65401524
Algika Čechová,1,troll,0.6540682911872864,0.6540683
Petr Vyborny,109,troll,0.6541623473167419,0.65416235
Jiří Huňka,2,troll,0.6541901230812073,0.6541901
Peter Džavoronok,21,troll,0.6543698310852051,0.65436983
Romam Šebesta,53,troll,0.6545964479446411,0.65459645
Novotny Jaroslav,1,troll,0.6546271443367004,0.65462714
Pavel Slavík,20,troll,0.654639482498169,0.6546395
Tamara Hermanova,137,troll,0.6546431183815002,0.6546431
Rene Kredl,1,troll,0.6549509763717651,0.654951
Miroslav Carda,4,troll,0.654967725276947,0.6549677
Petr Prádler,6,troll,0.6550536751747131,0.6550537
Petr Vacula,7,troll,0.6551676392555237,0.65516764
Bohuslav Brož,1,troll,0.6551868319511414,0.65518683
Adam Luk,1,troll,0.6552141308784485,0.65521413
Eva Hlavničková,1,troll,0.6555567979812622,0.6555568
Alex Milkov,1,troll,0.655633807182312,0.6556338
Molinek Jaroslav,43,troll,0.6556664109230042,0.6556664
Jiří Špilínek,2,troll,0.655722439289093,0.65572244
Martin Petera,43,troll,0.6561392545700073,0.65613925
Tomáš Vymetálek,33,troll,0.6562185287475586,0.6562185
Ladislav Machacek,1,troll,0.6564276218414307,0.6564276
Petr Králík,79,troll,0.6564819812774658,0.656482
Michal Raška,6,troll,0.6565794944763184,0.6565795
Uršula Novakova,18,troll,0.6566299796104431,0.65663
Jiri Netusil,1,troll,0.6566951870918274,0.6566952
Kamil Řezáč,1,troll,0.6567609310150146,0.65676093
Martin Kucera,2,troll,0.6567732691764832,0.65677327
Erik Hillebrand,1,troll,0.6567944884300232,0.6567945
Anteran Cole,1,troll,0.6568467617034912,0.65684676
Michal Pazdera,2,troll,0.6570271253585815,0.6570271
Veronika Petráňová,1,troll,0.657106876373291,0.6571069
Kamil Brázda,1,troll,0.6572502851486206,0.6572503
Marie Holasova,3,troll,0.6572633981704712,0.6572634
Horac Pinker,29,troll,0.6572721004486084,0.6572721
Vladimír Šuťak,1,troll,0.6574056148529053,0.6574056
Kveta Le,1,troll,0.6576178669929504,0.65761787
Miradavid David,4,troll,0.6577304005622864,0.6577304
Marie Veverková,2,troll,0.6577562689781189,0.65775627
Petr Řičánek,25,troll,0.6577842235565186,0.6577842
Radek Kisiala,1,troll,0.6577866077423096,0.6577866
Zdenek Přikryl,11,troll,0.6578094363212585,0.65780944
Jaroslav Mrlík,1,troll,0.657822847366333,0.65782285
Viktor Blaha,2,troll,0.6578543186187744,0.6578543
Boris Hamlet,3,troll,0.6578654646873474,0.65786546
Martin Kuzma,20,troll,0.6578881144523621,0.6578881
Pavel Petrůj,2,troll,0.6579697728157043,0.6579698
Miroslav Molek,2,troll,0.6579717397689819,0.65797174
Aleš Fišer,1,troll,0.6580022573471069,0.65800226
Pavel Huk,7,troll,0.6580027341842651,0.65800273
Julius Veliký,1,troll,0.6580126881599426,0.6580127
Luboš Hronek,1,troll,0.6581470370292664,0.65814704
Jana Vyčitalova,3,troll,0.6582071781158447,0.6582072
Radek Proch,2,troll,0.6584892868995667,0.6584893
Matúš Fecko,1,troll,0.6587047576904297,0.65870476
Jarda Kočí,1,troll,0.6589499711990356,0.65895
Martin Pešek,9,troll,0.6589991450309753,0.65899915
Miloslav Gonzales,1,troll,0.6590791344642639,0.65907913
Petr Beňas,2,troll,0.6591584086418152,0.6591584
Ludek Odvarka,1,troll,0.6591646075248718,0.6591646
Lubomír Magdálek,1,troll,0.6593514680862427,0.65935147
Lukáš Formánek,1,troll,0.6595062613487244,0.65950626
Jan Drbal,8,troll,0.6595069766044617,0.659507
Pavel Koudela,2,troll,0.6595171093940735,0.6595171
Rysavy Jaromis,13,troll,0.6598056554794312,0.65980566
Ivo Roháč,1,troll,0.6598355174064636,0.6598355
Jaroslav Šmídl,2,troll,0.6598752737045288,0.6598753
Alena Bláhová,2,troll,0.6599308252334595,0.6599308
Pardál Hrozný,1,troll,0.6599671840667725,0.6599672
Šíp Lubomír,1,troll,0.6600626111030579,0.6600626
Jan Lieder,1,troll,0.6601859331130981,0.66018593
Iveta Kokešová,1,troll,0.6603031754493713,0.6603032
Karel Gadač,1,troll,0.6603823900222778,0.6603824
Jandina Novák,1,troll,0.6604087352752686,0.66040874
Mirek Holík,34,troll,0.6605221629142761,0.66052216
Slávek Mikeš,15,troll,0.6605254411697388,0.66052544
Tomáš Knap,1,troll,0.6605629324913025,0.66056293
Lumir Blejcharml,3,troll,0.6607831716537476,0.6607832
Daniel Krawiec,1,troll,0.6609863042831421,0.6609863
Petr Chytrý,2,troll,0.6611447930335999,0.6611448
Petra Marková,1,troll,0.6611918210983276,0.6611918
Kubelka Zbyna,2,troll,0.6612823009490967,0.6612823
Martin Juriš,24,troll,0.6613648533821106,0.66136485
Jaroslav Klouček,1,troll,0.6614313125610352,0.6614313
Zdeněk Kaňok,2,troll,0.661438524723053,0.6614385
Alena Hirschkornova,3,troll,0.661460816860199,0.6614608
Jiricek Dedecek,1,troll,0.661533772945404,0.6615338
Marie Rosenmary,4,troll,0.6616683602333069,0.66166836
Tomáš Jochec,2,troll,0.661673903465271,0.6616739
Martin Křižák,7,troll,0.6617109775543213,0.661711
Josef Motyčka,3,troll,0.6618037819862366,0.6618038
Jaromír Dusílek,3,troll,0.6618212461471558,0.66182125
Mgr Jan Kopal,5,troll,0.6619718670845032,0.66197187
Borec,1,troll,0.6621059775352478,0.662106
Dusan Bohac,154,troll,0.6623029112815857,0.6623029
Jindřich Svoboda,1,troll,0.6624822020530701,0.6624822
Tomáš Chnapko,1,troll,0.662595808506012,0.6625958
Jan Kutý,1,troll,0.6626704335212708,0.66267043
Daniel Kočica,7,troll,0.6626846194267273,0.6626846
Denis Forbrich,1,troll,0.6627373099327087,0.6627373
Jiří Hošek,19,troll,0.6629616022109985,0.6629616
Monika Dvořáková,1,troll,0.6631647348403931,0.66316473
Martin Oprchal,10,troll,0.6632473468780518,0.66324735
Pavel Srb,8,troll,0.6632963418960571,0.66329634
Dusangujda Gujda,1,troll,0.6633903384208679,0.66339034
Viktor Velecky,5,troll,0.6634918451309204,0.66349185
Radek Skopec,1,troll,0.6635439991950989,0.663544
Pepa Ťuka,10,troll,0.6635742783546448,0.6635743
Miroslav Cach,2,troll,0.6636059284210205,0.6636059
Milan Cinatl,3,troll,0.6636835336685181,0.66368353
Michaela Čepeláková,47,troll,0.6636979579925537,0.66369796
Martin Vik,2,troll,0.6637487411499023,0.66374874
Přemysl Valášek,47,troll,0.6638407707214355,0.6638408
Honza Kaftan,2,troll,0.6639980673789978,0.66399807
Gunter Swatzina,1,troll,0.6640381217002869,0.6640381
Jolanta Mrázová,2,troll,0.6641587615013123,0.66415876
Petr Miki,1,troll,0.6641600131988525,0.66416
Petr Mareček,332,troll,0.6642161011695862,0.6642161
Kednez Ištok,1,troll,0.664299488067627,0.6642995
Jiri Jedlicka Pce,1,troll,0.6643393635749817,0.66433936
David Sota,1,troll,0.6644869446754456,0.66448694
Pavell Fix,1,troll,0.6645424962043762,0.6645425
Johan Josef,42,troll,0.6646564602851868,0.66465646
Jiří Tichopád,2,troll,0.6647459268569946,0.6647459
Ardenau Pracl,5,troll,0.6648179888725281,0.664818
Lukas Kucera,1,troll,0.6649941205978394,0.6649941
Erika Synková,1,troll,0.6655122637748718,0.66551226
Radek Machan,1,troll,0.6656860113143921,0.665686
Josef Ziemba,1,troll,0.6657587885856628,0.6657588
Josef Křepelka,3,troll,0.665805995464325,0.665806
Hana Vítová,1,troll,0.6659500598907471,0.66595006
David Slováček,1,troll,0.6660193800926208,0.6660194
Michal Hromek,64,troll,0.6660234928131104,0.6660235
Levelers Babiš,4,troll,0.6660515666007996,0.66605157
Anna Smejkal,2,troll,0.6660751104354858,0.6660751
Vilém Krtička,2,troll,0.6661823987960815,0.6661824
Radekk Bela,1,troll,0.666283905506134,0.6662839
Václav Heinzl,1,troll,0.6664361357688904,0.66643614
Ivan Pohostinský,1,troll,0.6664395928382874,0.6664396
Marcela Pastorková,1,troll,0.6664843559265137,0.66648436
Igor Mysliveček,3,troll,0.6665942072868347,0.6665942
Jan Doubek,1,troll,0.6667373776435852,0.6667374
Marf Novak,9,troll,0.666763961315155,0.66676396
Jan Zalabák,1,troll,0.667153537273407,0.66715354
Oldřich Wiesner,32,troll,0.6674070358276367,0.66740704
Michal Brand,30,troll,0.667466402053833,0.6674664
Jana Motyčková,2,troll,0.6675113439559937,0.66751134
Ra Autodilyplzen,1,troll,0.6675921678543091,0.66759217
Pavel Miklica,2,troll,0.6677473187446594,0.6677473
Arsen Lúpin,1,troll,0.6678256392478943,0.66782564
Pavel Krotký,1,troll,0.6682009100914001,0.6682009
Marek Ištok,28,troll,0.6682569980621338,0.668257
Jiri Povolny,1,troll,0.6682834029197693,0.6682834
Václav Erben,1,troll,0.6684780716896057,0.6684781
Ladislav Kolář,2,troll,0.6686986088752747,0.6686986
Jaroslav Šabacký,3,troll,0.6688323616981506,0.66883236
Jindřich Sonek,2,troll,0.6689486503601074,0.66894865
Milan Soldan,12,troll,0.6691596508026123,0.66915965
Pele Chlupatý,43,troll,0.6692432165145874,0.6692432
Teodor Mordaninec,1,troll,0.6692784428596497,0.66927844
Petr Ryska,8,troll,0.6692843437194824,0.66928434
Roman Zbožínek,1,troll,0.6693092584609985,0.66930926
Filo Jan,3,troll,0.6695268154144287,0.6695268
Tom Cermis,3,troll,0.6695687770843506,0.6695688
Stan Moriarty,1,troll,0.669641375541687,0.6696414
Martin Ondrejka,1,troll,0.6699077486991882,0.66990775
Michal Kukula,6,troll,0.6701841354370117,0.67018414
Jitkalandaufova,1,troll,0.670214831829071,0.67021483
Petr Süssemilch,1,troll,0.670254111289978,0.6702541
Lukáš Hladký,1,troll,0.670269250869751,0.67026925
Karel Dudek,8,troll,0.6702905297279358,0.6702905
Jirasko Petr,2,troll,0.670332670211792,0.6703327
Libor Touška,1,troll,0.6703843474388123,0.67038435
Karel Kralupský,1,troll,0.6704873442649841,0.67048734
Blanka Celko,1,troll,0.6704889535903931,0.67048895
Josef Svacinaa,6,troll,0.6705048680305481,0.67050487
Tomáš Zouhar,1,troll,0.6705607771873474,0.6705608
Radovan Musil,1,troll,0.6706367135047913,0.6706367
Milan Krejčí,2,troll,0.6708033084869385,0.6708033
Ivan Hák,1,troll,0.670823872089386,0.6708239
Jirka Pikan,3,troll,0.6708952188491821,0.6708952
Mira Strachota,1,troll,0.6709307432174683,0.67093074
Miroslav Košťál,4,troll,0.6709527969360352,0.6709528
Václav Salač,2,troll,0.6711722016334534,0.6711722
Alena Adámková,10,troll,0.6712232828140259,0.6712233
Michal Malének,1,troll,0.6714546084403992,0.6714546
Vojtěch Flídr,3,troll,0.6714814305305481,0.67148143
Dušan Bělohlávek,1,troll,0.6715331673622131,0.67153317
Zdeněk Sitný,95,troll,0.6715366840362549,0.6715367
Miroslav Mráz,35,troll,0.671729326248169,0.6717293
Vojta Fišer,4,troll,0.6718039512634277,0.67180395
Pavel Vacula,9,troll,0.6718934178352356,0.6718934
Rostislav Sládek,1,troll,0.6719479560852051,0.67194796
Honza Novak,129,troll,0.672034740447998,0.67203474
Normální Člověk,1,troll,0.6720616221427917,0.6720616
Jiri Jurica,1,troll,0.6721488833427429,0.6721489
Lubomír Jordán,2,troll,0.6721534132957458,0.6721534
Martin Petrus,40,troll,0.6721556782722473,0.6721557
Tomáš Kral,1,troll,0.6722099184989929,0.6722099
Jarda Seidl,1,troll,0.672324538230896,0.67232454
Martin Houžva,4,troll,0.6724153161048889,0.6724153
Karel Kotva,23,troll,0.6726219058036804,0.6726219
Antonin Kubasek,32,troll,0.6727176308631897,0.67271763
Petr Skopal,1,troll,0.6727732419967651,0.67277324
Ondřej Nestor,3,troll,0.6731709837913513,0.673171
Marin Velčev,2,troll,0.6731968522071838,0.67319685
Rudolf Medek,50,troll,0.6732247471809387,0.67322475
Oldřich Nikel,1,troll,0.6732771992683411,0.6732772
Jaroslav Cernoch,16,troll,0.6733484268188477,0.6733484
Marie Petrášová,3,troll,0.6733778715133667,0.6733779
Petr Novák Ml,8,troll,0.6734506487846375,0.67345065
Maria Hubačová,1,troll,0.6736005544662476,0.67360055
Ondrej Zavacký,2,troll,0.6736489534378052,0.67364895
Marek Bošanský,13,troll,0.673747181892395,0.6737472
Marcela Stanislavová,1,troll,0.6737890243530273,0.673789
Martin Rosa,1,troll,0.6738277077674866,0.6738277
Ladis Fenik,10,troll,0.6738629341125488,0.67386293
Karel Kominek,1,troll,0.673911988735199,0.673912
Martin Jurečka,1,troll,0.6739225387573242,0.67392254
Martenova Soňa,1,troll,0.6740344762802124,0.6740345
René Krejcarek,329,troll,0.6740986704826355,0.6740987
Emil Dobrý,34,troll,0.6742027997970581,0.6742028
Marie Bursová,1,troll,0.6742118000984192,0.6742118
Martin Jedlička,519,troll,0.6742464900016785,0.6742465
Denis Makolli,2,troll,0.6743057370185852,0.67430574
Verusar,1,troll,0.6743733882904053,0.6743734
Chaloupkova Martina,3,troll,0.6744924187660217,0.6744924
Pavel Brádka,5,troll,0.6745346784591675,0.6745347
Zdeněk Toms,1,troll,0.674552321434021,0.6745523
Filip Zicháček,1,troll,0.6747005581855774,0.67470056
Tomáš Zelinka,3,troll,0.6750249266624451,0.6750249
Vladimír Kuděla,1,troll,0.6751379370689392,0.67513794
Antonín Hadač,1,troll,0.675177812576294,0.6751778
Pette Schlosser,10,troll,0.675492525100708,0.6754925
Martin Javůrek,5,troll,0.6755274534225464,0.67552745
Filip Kolarik,1,troll,0.6755331158638,0.6755331
Tomáš Metelka,1,troll,0.6755800843238831,0.6755801
Lukas Dobrozemský,1,troll,0.6757088303565979,0.67570883
Lada Tuma,1,troll,0.6757407188415527,0.6757407
Milan Prošekz,1,troll,0.6757500171661377,0.67575
František Krutílek,4,troll,0.6759486198425293,0.6759486
Jan Melivor,8,troll,0.6759756803512573,0.6759757
Arnold Schlehuber,2,troll,0.6760645508766174,0.67606455
Vasil Janak,4,troll,0.6760881543159485,0.67608815
Pospisil Marek Cl,7,troll,0.6760925054550171,0.6760925
Jan Kincl,2,troll,0.6761000752449036,0.6761001
Veles Vasicek,3,troll,0.6761144995689392,0.6761145
Libor Ciasto,1,troll,0.6762036681175232,0.67620367
Bořek Šacler,36,troll,0.676272988319397,0.676273
Ladislav Petricek,12,troll,0.6763076782226562,0.6763077
Naděžda Makulová,1,troll,0.6763420701026917,0.67634207
Marek Papež,1,troll,0.6765061616897583,0.67650616
Radim Liška,1,troll,0.6766727566719055,0.67667276
Marek Glozar,2,troll,0.6766937971115112,0.6766938
Rostislav Poledník,21,troll,0.6767405867576599,0.6767406
Marek Matej,1,troll,0.6768944263458252,0.6768944
Vladimír Daněk,1,troll,0.6770147681236267,0.67701477
Heltr Skeltr,1,troll,0.6770301461219788,0.67703015
Iva Molčíková,1,troll,0.677300214767456,0.6773002
Markét,1,troll,0.6775195002555847,0.6775195
Stefan Stefan,1,troll,0.6775438189506531,0.6775438
Marcela Matouskova,1,troll,0.6776567697525024,0.67765677
Iva Tůmová,2,troll,0.6777986288070679,0.6777986
Oldřich Straček,1,troll,0.6778076887130737,0.6778077
Jirka Škop,2,troll,0.6778685450553894,0.67786855
Zdenek Bálka,7,troll,0.6779621243476868,0.6779621
Helena Svobodova,2,troll,0.677990734577179,0.67799073
Martin Feitl,1,troll,0.6780170798301697,0.6780171
Michaela Šebestová,1,troll,0.678220272064209,0.6782203
Michal Přenosil,7,troll,0.6783661246299744,0.6783661
Vladimír Volek,2,troll,0.6784647107124329,0.6784647
Martin Prochazka,2,troll,0.678736686706543,0.6787367
Pavel Vrzáček,1,troll,0.6788336038589478,0.6788336
Martin Turecký,6,troll,0.6788366436958313,0.67883664
Jan Kohut,1,troll,0.6789177060127258,0.6789177
Jindřich Pavlíček Ml.,1,troll,0.6789962649345398,0.67899626
Martin Skýpala,1,troll,0.6790178418159485,0.67901784
Jiří Milton,290,troll,0.6790281534194946,0.67902815
Peter Zatko,65,troll,0.6790741086006165,0.6790741
Deni Dias,2,troll,0.6794440746307373,0.6794441
Zoblivy Ivo,1,troll,0.6794876456260681,0.67948765
Richard Růžička,21,troll,0.6796336770057678,0.6796337
Miroslav Lata,1,troll,0.6797821521759033,0.67978215
Miroslav Hejl,13,troll,0.6798019409179688,0.67980194
Emil Nemyl,1,troll,0.679989218711853,0.6799892
Adam E Marek,1,troll,0.6801444292068481,0.6801444
Jaroslav Culek,36,troll,0.6803351640701294,0.68033516
Martin Kříčka,4,troll,0.6805577278137207,0.6805577
Bara S,1,troll,0.6806038618087769,0.68060386
Michal Fišer,2,troll,0.680719256401062,0.68071926
Ivan Freier,2,troll,0.6809591054916382,0.6809591
Mlloš Joža,1,troll,0.6809661388397217,0.68096614
Lenka Fischerová,1,troll,0.6812302470207214,0.68123025
Barbora Havlikova,63,troll,0.6813749670982361,0.68137497
Zbyněk Hanzl,4,troll,0.6813787817955017,0.6813788
Ondřej Jager,1,troll,0.6813857555389404,0.68138576
Ondřej Klimeš,9,troll,0.6813958883285522,0.6813959
Vincentvtg Dudák,1,troll,0.6815453171730042,0.6815453
Mirabern Bern,1,troll,0.6815730333328247,0.68157303
Jaroslav Ther,56,troll,0.6815958619117737,0.68159586
Sldmc Luboš,2,troll,0.6816274523735046,0.68162745
Jiří Lochman,1,troll,0.6816644072532654,0.6816644
Hubert Macháně,1,troll,0.682004988193512,0.682005
Bohuslav Hrbek,3,troll,0.6820690631866455,0.68206906
Vilém Hrdina,8,troll,0.6820856332778931,0.68208563
Vlada Babka,1,troll,0.6822302341461182,0.68223023
Mira Berry,2,troll,0.6823172569274902,0.68231726
Karala Josef,1,troll,0.682691752910614,0.68269175
Filip Baroch,15,troll,0.6828578114509583,0.6828578
Karel Novak,94,troll,0.6828803420066833,0.68288034
Pavel Outulny,2,troll,0.6831156015396118,0.6831156
Jan Stadtherr,4,troll,0.6831175684928894,0.68311757
Milosch Chvátal,19,troll,0.6831564903259277,0.6831565
Irena Novacova,27,troll,0.683199942111969,0.68319994
Petr Brabenec,133,troll,0.6834700703620911,0.6834701
Jiri Patera,2,troll,0.6837056279182434,0.6837056
Martin Halva,2,troll,0.6837777495384216,0.68377775
Lucie Langpaulova,1,troll,0.6837953329086304,0.68379533
Ján Švejstil,2,troll,0.6841024160385132,0.6841024
Zdeněk Kotulan,2,troll,0.6841172575950623,0.68411726
Misa Novotna,1,troll,0.6842181086540222,0.6842181
Grebeniček Bohuslav,1,troll,0.6842240691184998,0.68422407
Martina Bočánková,1,troll,0.6842949390411377,0.68429494
Josef Peca,1,troll,0.6843923330307007,0.68439233
Loucka Minibagr,1,troll,0.6846091747283936,0.6846092
Marek Moudr,11,troll,0.6850250959396362,0.6850251
Milan Šimon,6,troll,0.6850335597991943,0.68503356
David Gloser,2,troll,0.6850555539131165,0.68505555
Renata Začalová,27,troll,0.6850571036338806,0.6850571
Jiří Čižinský,1,troll,0.6851931214332581,0.6851931
Zdenek Senk,1,troll,0.6852806210517883,0.6852806
Zbyněk Bartoň,1,troll,0.6852942705154419,0.6852943
Jan Kotala,4,troll,0.6853872537612915,0.68538725
Seznamka Seznamka,1,troll,0.6857561469078064,0.68575615
Krizknl Novák,3,troll,0.6858159899711609,0.685816
František Luža,1,troll,0.6858877539634705,0.68588775
Štěpán Tern,3,troll,0.6862290501594543,0.68622905
Dana Hermanova,1,troll,0.6862376928329468,0.6862377
Jiří Židek,8,troll,0.6865129470825195,0.68651295
Josef Anatole Křepela,1,troll,0.6865662336349487,0.68656623
Petr Romaňák,2,troll,0.6867164373397827,0.68671644
Praskacka Dvořáková,1,troll,0.6869237422943115,0.68692374
Josef Paus,27,troll,0.6871004104614258,0.6871004
Jaaaa Nic,1,troll,0.6871106624603271,0.68711066
Jindřiška Křížová,1,troll,0.6873117685317993,0.68731177
Petr Klíček,11,troll,0.6874890923500061,0.6874891
Marcela Vývodová,1,troll,0.6875439882278442,0.687544
Vladimír Dlouhý,3,troll,0.6876508593559265,0.68765086
Martin Dubský,1,troll,0.6876699328422546,0.68766993
Rostislav Beneš,7,troll,0.6876813173294067,0.6876813
Valosek Radek,2,troll,0.6879722476005554,0.68797225
Jaroslav Němec,178,troll,0.6879745125770569,0.6879745
Jaroslav Jaro,63,troll,0.6879807710647583,0.6879808
Iva Kunis,160,troll,0.6879993081092834,0.6879993
Karel Dobeš,1,troll,0.6880078315734863,0.68800783
Jakub Friedl,1,troll,0.6880118250846863,0.6880118
Radim Skutecký,13,troll,0.6881019473075867,0.68810195
Pavel Molík,186,troll,0.6881470680236816,0.68814707
Robert Mach,2,troll,0.6881729364395142,0.68817294
Mira Tochi,3,troll,0.6882184743881226,0.6882185
František Bumbálek,2,troll,0.6882274150848389,0.6882274
Bedřich Ost,1,troll,0.6884044408798218,0.68840444
Mgr Jovan Stojović,1,troll,0.6884404420852661,0.68844044
Kristian Jan,17,troll,0.6884777545928955,0.68847775
Arnošt Kvasnička,9,troll,0.6886032819747925,0.6886033
Štěpán Major,4,troll,0.6886271834373474,0.6886272
Pavel Světlík,12,troll,0.6887316107749939,0.6887316
Jiří Smola,1,troll,0.6887321472167969,0.68873215
Karel Navarra,5,troll,0.6887343525886536,0.68873435
Petr Šimek,12,troll,0.6888306140899658,0.6888306
Lubomír Ryneš,1,troll,0.6889158487319946,0.68891585
Jaroslav Holík,3,troll,0.6889423131942749,0.6889423
Renata Havlíčková,49,troll,0.6891822814941406,0.6891823
Alca Furstova,18,troll,0.6891889572143555,0.68918896
Stanislav Kostka,1,troll,0.6892178058624268,0.6892178
Filip Pospíšil,1,troll,0.6893630027770996,0.689363
Jana Machurova,1,troll,0.6895138621330261,0.68951386
Jan Cvak,2,troll,0.6896859407424927,0.68968594
Jan Douděra,1,troll,0.6897389888763428,0.689739
Karel Pazour,1,troll,0.6898267865180969,0.6898268
Pepa Půlpán,2,troll,0.6898710131645203,0.689871
Vít Urbanek,1,troll,0.689876139163971,0.68987614
Milenka Michnova,2,troll,0.6901514530181885,0.69015145
Slavek Korny,3,troll,0.6901570558547974,0.69015706
Michaela Matoušková,6,troll,0.6901900172233582,0.69019
Karel Krotký,1,troll,0.6903231143951416,0.6903231
Luboš Lajoš,12,troll,0.690351665019989,0.69035167
Lubomír Smělý,1,troll,0.6903693675994873,0.69036937
Jelenova Jirina,7,troll,0.6905062198638916,0.6905062
Lukas Naus,1,troll,0.6906226277351379,0.6906226
Milan Jandák,8,troll,0.6906933784484863,0.6906934
Zdenko Juhár,4,troll,0.6909090876579285,0.6909091
Bogdan Tomoszek,1,troll,0.6909164786338806,0.6909165
Patrik Atanasov,1,troll,0.6909214854240417,0.6909215
Lukas Hlav,10,troll,0.6910223960876465,0.6910224
Jan Širc,1,troll,0.6911243796348572,0.6911244
Tomáš Slíž,2,troll,0.6912721395492554,0.69127214
Honza Mestan,1,troll,0.6914422512054443,0.69144225
Karel Jadámek,14,troll,0.6915308237075806,0.6915308
Josef Ševčík,3,troll,0.6915904879570007,0.6915905
Roman Hromek,8,troll,0.6917646527290344,0.69176465
Jiří Huml,2,troll,0.6918433904647827,0.6918434
Marek Panáček,1,troll,0.6918684840202332,0.6918685
Jiri Hornych,131,troll,0.6919770240783691,0.691977
Pavlina Vovčkova,1,troll,0.6920215487480164,0.69202155
Lukáš Tomek,1,troll,0.6923136711120605,0.6923137
Martin Wuttka,2,troll,0.6928242444992065,0.69282424
Tomáš Majer,61,troll,0.6931192278862,0.6931192
Pavel Durkovic,10,troll,0.6932575702667236,0.6932576
Miroslav Los,4,troll,0.6933262348175049,0.69332623
Helena Ciompová,3,troll,0.6934566497802734,0.69345665
Jiří Kalabus,1,troll,0.6934801340103149,0.69348013
Maria Němečková,1,troll,0.6938379406929016,0.69383794
Petr Riedel,1,troll,0.6939253211021423,0.6939253
Petr Lava,1,troll,0.6939502358436584,0.69395024
Ondrejlacny Lacný,1,troll,0.6939622163772583,0.6939622
Milan Herka,42,troll,0.6942347288131714,0.6942347
Mojmir Novak,2,troll,0.6943176984786987,0.6943177
Luboš Babec,2,troll,0.6944724321365356,0.69447243
Jiří Hála,12,troll,0.6944989562034607,0.69449896
Jiří Fuksa,2,troll,0.6946317553520203,0.69463176
Otakar Šlofar,1,troll,0.6946982145309448,0.6946982
Jiří Dostoupil,6,troll,0.6947132349014282,0.69471323
Václav Hejna,2,troll,0.6949392557144165,0.69493926
Radoslava Nováková,1,troll,0.6950277090072632,0.6950277
Josef Louša,1,troll,0.69505774974823,0.69505775
Dalimil Nejezchleba,1,troll,0.6951007843017578,0.6951008
Bohuslav Březina,4,troll,0.6951121687889099,0.69511217
Jakub Hosinger,17,troll,0.6951675415039062,0.69516754
David Rauch,1,troll,0.6954067349433899,0.69540673
Martinbernatek,1,troll,0.6954560875892639,0.6954561
Šifrys Michal,1,troll,0.6955353617668152,0.69553536
Marek Hanzlík,1,troll,0.6956931948661804,0.6956932
Jiří Vorreth,23,troll,0.695697546005249,0.69569755
Vladimír Zauška,1,troll,0.6957148313522339,0.69571483
Pavel Friml,1,troll,0.6957840919494629,0.6957841
Radek Podlena,1,troll,0.6958258748054504,0.6958259
Jiří Uhlíř,21,troll,0.6958540678024292,0.69585407
Ivana Zemanová,63,troll,0.6959221363067627,0.69592214
Michal Polata,1,troll,0.6959471106529236,0.6959471
Richard Pešek,2,troll,0.6959936022758484,0.6959936
Kolar Pavel,1,troll,0.6960325241088867,0.6960325
Lucie Vnilonsen,4,troll,0.6961337924003601,0.6961338
Lubos Holubar,5,troll,0.6962523460388184,0.69625235
Vladimír Hojda,16,troll,0.6963878273963928,0.6963878
Matouš Suchochleb,1,troll,0.6964415907859802,0.6964416
Lukáš Švaněk,2,troll,0.6964793801307678,0.6964794
Luboš Feix,1,troll,0.6965017914772034,0.6965018
Martin Kosek,21,troll,0.6966094970703125,0.6966095
Hanzslos Jopek,1,troll,0.696658194065094,0.6966582
Martin Randus,1,troll,0.6968151926994324,0.6968152
Martin Kozakovič,2,troll,0.6969413161277771,0.6969413
Zdenek Saiko,11,troll,0.6969819068908691,0.6969819
Dalibor Novák,3,troll,0.6969932317733765,0.69699323
Kateřina Němečková,1,troll,0.6971695423126221,0.69716954
Jan Samek,1,troll,0.6972657442092896,0.69726574
Pavel Halada,46,troll,0.6973751187324524,0.6973751
Jakubjakub Jakuba,2,troll,0.6974725127220154,0.6974725
Koki Dusan,1,troll,0.697475790977478,0.6974758
Václav Suk,39,troll,0.6974825263023376,0.6974825
Radomír Jarka,1,troll,0.6976842284202576,0.6976842
Bohumil Drábik,22,troll,0.6977589130401611,0.6977589
Tomáš Sarovsky,1,troll,0.6978427767753601,0.6978428
Straka Jiří,1,troll,0.698057234287262,0.69805723
Mirko Pírko,4,troll,0.6981388330459595,0.69813883
Miroslav Ječmen,1,troll,0.698352575302124,0.6983526
František Jašek,2,troll,0.6985874176025391,0.6985874
Petr Bernard,1,troll,0.6986725926399231,0.6986726
Skala Ton,1,troll,0.6986950635910034,0.69869506
Pavel Szymonik,1,troll,0.6987073421478271,0.69870734
David Baláž,1,troll,0.6987359523773193,0.69873595
Martin Branda Dc,3,troll,0.6987832188606262,0.6987832
Patrik Škod,2,troll,0.6988781094551086,0.6988781
Štefi Salik,1,troll,0.6989017128944397,0.6989017
Vladimír Slonek,11,troll,0.6989650130271912,0.698965
Lukáš Neri,2,troll,0.6992693543434143,0.69926935
Karel Benda,12,troll,0.6993648409843445,0.69936484
Mirek Cankař,1,troll,0.699435830116272,0.69943583
Daniel Vacik,1,troll,0.6994487047195435,0.6994487
Luděk Maryška,1,troll,0.69947749376297,0.6994775
